"Exp Date",Symbol,"Contract Name",Last,"52W High","52W High Date","52W Low","52W Low Date","52W %Chg",Time
1988-10-31,ZQV88,"30-Day Fed Funds October 1988 Futures",91.71,91.79,1988-10-06,91.69,1988-10-20,-0.04%,1988-10-31
1988-11-30,ZQX88,"30-Day Fed Funds November 1988 Futures",91.66,91.79,1988-10-14,91.55,1988-11-15,-0.04%,1988-11-30
1988-12-30,ZQZ88,"30-Day Fed Funds December 1988 Futures",91.2,91.54,1988-11-01,90.89,1988-11-29,-0.15%,1988-12-30
1989-01-31,ZQF89,"30-Day Fed Funds January 1989 Futures",90.88,91.59,1988-11-04,90.76,1988-12-16,-0.54%,1989-01-31
1989-02-28,ZQG89,"30-Day Fed Funds February 1989 Futures",90.63,91.75,1988-11-01,90.62,1989-02-28,-0.90%,1989-02-28
1989-03-31,ZQH89,"30-Day Fed Funds March 1989 Futures",90.14,91.76,1988-11-01,90.01,1989-02-27,-1.42%,1989-03-31
1989-04-28,ZQJ89,"30-Day Fed Funds April 1989 Futures",90.16,91.69,1988-11-03,89.57,1989-03-20,-1.67%,1989-04-28
1989-05-31,ZQK89,"30-Day Fed Funds May 1989 Futures",90.2,91.1,1988-12-07,89.37,1989-03-20,-0.82%,1989-05-31
1989-06-30,ZQM89,"30-Day Fed Funds June 1989 Futures",90.46,91.75,1988-11-01,89.2,1989-03-20,-1.02%,1989-06-30
1989-07-31,ZQN89,"30-Day Fed Funds July 1989 Futures",90.77,90.8,1989-06-09,89.18,1989-03-21,+0.02%,1989-07-31
1989-08-31,ZQQ89,"30-Day Fed Funds August 1989 Futures",91.01,91.32,1989-08-01,89.15,1989-03-21,+1.32%,1989-08-31
1989-09-29,ZQU89,"30-Day Fed Funds September 1989 Futures",90.97,91.66,1989-08-01,89.13,1989-03-21,+1.26%,1989-09-29
1989-10-31,ZQV89,"30-Day Fed Funds October 1989 Futures",91.16,91.91,1989-08-01,90.1,1989-05-01,+0.95%,1989-10-31
1989-11-30,ZQX89,"30-Day Fed Funds November 1989 Futures",91.45,92,1989-08-02,91.04,1989-09-29,+0.18%,1989-11-30
1989-12-29,ZQZ89,"30-Day Fed Funds December 1989 Futures",91.45,92.02,1989-08-03,91.02,1989-09-29,+0.05%,1989-12-29
1990-01-31,ZQF90,"30-Day Fed Funds January 1990 Futures",91.77,91.97,1989-10-16,91.2,1989-09-29,+0.27%,1990-01-31
1990-02-28,ZQG90,"30-Day Fed Funds February 1990 Futures",91.77,92.08,1989-11-24,91.32,1989-10-04,+0.49%,1990-02-28
1990-03-30,ZQH90,"30-Day Fed Funds March 1990 Futures",91.72,92.17,1989-11-24,91.3,1989-10-02,+0.15%,1990-03-30
1990-04-30,ZQJ90,"30-Day Fed Funds April 1990 Futures",91.74,92.2,1989-11-24,91.63,1990-03-13,-0.25%,1990-04-30
1990-05-31,ZQK90,"30-Day Fed Funds May 1990 Futures",91.82,92.12,1990-01-05,91.59,1990-03-13,-0.29%,1990-05-31
1990-06-29,ZQM90,"30-Day Fed Funds June 1990 Futures",91.72,92.12,1990-01-12,91.44,1990-05-02,-0.42%,1990-06-29
1990-07-31,ZQN90,"30-Day Fed Funds July 1990 Futures",91.85,92.21,1990-01-04,91.34,1990-05-02,-0.38%,1990-07-31
1990-08-31,ZQQ90,"30-Day Fed Funds August 1990 Futures",91.87,92.11,1990-08-06,91.26,1990-05-02,+0.39%,1990-08-31
1990-09-28,ZQU90,"30-Day Fed Funds September 1990 Futures",91.81,92.31,1990-08-06,91.2,1990-05-02,+0.07%,1990-09-28
1990-10-31,ZQV90,"30-Day Fed Funds October 1990 Futures",91.93,92.33,1990-08-03,91.85,1990-07-10,-0.02%,1990-10-31
1990-11-30,ZQX90,"30-Day Fed Funds November 1990 Futures",92.19,92.36,1990-08-06,91.86,1990-07-10,+0.29%,1990-11-30
1990-12-31,ZQZ90,"30-Day Fed Funds December 1990 Futures",92.64,92.64,1990-12-31,91.82,1990-07-10,+0.85%,1990-12-31
1991-01-31,ZQF91,"30-Day Fed Funds January 1991 Futures",93.09,93.47,1991-01-22,92.03,1990-08-24,+0.97%,1991-01-31
1991-02-28,ZQG91,"30-Day Fed Funds February 1991 Futures",93.77,93.81,1991-02-19,92.16,1990-09-26,+1.68%,1991-02-28
1991-03-28,ZQH91,"30-Day Fed Funds March 1991 Futures",93.81,93.85,1991-03-18,92.4,1990-10-26,+1.53%,1991-03-28
1991-04-30,ZQJ91,"30-Day Fed Funds April 1991 Futures",94.09,94.14,1991-04-15,92.7,1990-11-27,+1.48%,1991-04-30
1991-05-31,ZQK91,"30-Day Fed Funds May 1991 Futures",94.22,94.23,1991-05-30,92.71,1990-11-28,+1.63%,1991-05-31
1991-06-28,ZQM91,"30-Day Fed Funds June 1991 Futures",94.2,94.26,1991-05-30,93.03,1990-12-18,+1.20%,1991-06-28
1991-07-31,ZQN91,"30-Day Fed Funds July 1991 Futures",94.18,94.28,1991-05-28,93.65,1991-03-06,+0.41%,1991-07-31
1991-08-30,ZQQ91,"30-Day Fed Funds August 1991 Futures",94.34,94.4,1991-08-19,93.58,1991-03-06,+0.55%,1991-08-30
1991-09-30,ZQU91,"30-Day Fed Funds September 1991 Futures",94.56,94.64,1991-08-19,93.4,1991-01-16,+1.19%,1991-09-30
1991-10-31,ZQV91,"30-Day Fed Funds October 1991 Futures",94.79,94.86,1991-10-14,93.69,1991-04-04,+1.17%,1991-10-31
1991-11-29,ZQX91,"30-Day Fed Funds November 1991 Futures",95.18,95.19,1991-11-29,93.7,1991-06-13,+1.36%,1991-11-29
1991-12-31,ZQZ91,"30-Day Fed Funds December 1991 Futures",95.55,95.56,1991-12-31,93.35,1991-03-26,+1.87%,1991-12-31
1992-01-31,ZQF92,"30-Day Fed Funds January 1992 Futures",95.97,96.05,1992-01-08,93.51,1991-07-05,+2.62%,1992-01-31
1992-02-28,ZQG92,"30-Day Fed Funds February 1992 Futures",95.95,96.16,1992-01-08,93.8,1991-08-01,+2.29%,1992-02-28
1992-03-31,ZQH92,"30-Day Fed Funds March 1992 Futures",96,96.21,1992-02-07,94.25,1991-08-14,+1.86%,1992-03-31
1992-04-30,ZQJ92,"30-Day Fed Funds April 1992 Futures",96.26,96.26,1992-04-30,94.69,1991-10-23,+1.65%,1992-04-30
1992-05-29,ZQK92,"30-Day Fed Funds May 1992 Futures",96.18,96.35,1992-05-08,94.5,1991-09-23,+1.78%,1992-05-29
1992-06-30,ZQM92,"30-Day Fed Funds June 1992 Futures",96.26,96.39,1992-05-20,94.45,1991-09-20,+1.92%,1992-06-30
1992-07-31,ZQN92,"30-Day Fed Funds July 1992 Futures",96.75,96.75,1992-07-31,95.57,1992-03-13,+0.78%,1992-07-31
1992-08-31,ZQQ92,"30-Day Fed Funds August 1992 Futures",96.69,96.8,1992-07-20,95.41,1992-03-13,+0.77%,1992-08-31
1992-09-30,ZQU92,"30-Day Fed Funds September 1992 Futures",96.81,97.03,1992-09-04,95.27,1992-03-13,+0.89%,1992-09-30
1992-10-30,ZQV92,"30-Day Fed Funds October 1992 Futures",96.89,97.17,1992-10-01,95.1,1992-03-13,+1.01%,1992-10-30
1992-11-30,ZQX92,"30-Day Fed Funds November 1992 Futures",96.91,97.26,1992-10-05,94.9,1992-03-13,+1.34%,1992-11-30
1992-12-31,ZQZ92,"30-Day Fed Funds December 1992 Futures",97.05,97.22,1992-10-05,94.6,1992-03-13,+2.27%,1992-12-31
1993-01-29,ZQF93,"30-Day Fed Funds January 1993 Futures",96.97,97.18,1992-10-05,95.34,1992-04-30,+1.65%,1993-01-29
1993-02-26,ZQG93,"30-Day Fed Funds February 1993 Futures",96.97,97.27,1992-10-05,95.44,1992-06-04,+1.33%,1993-02-26
1993-03-31,ZQH93,"30-Day Fed Funds March 1993 Futures",96.92,97.24,1992-10-05,96.44,1992-08-04,+0.49%,1993-03-31
1993-04-30,ZQJ93,"30-Day Fed Funds April 1993 Futures",97.05,97.16,1992-10-01,96.16,1992-07-06,+0.93%,1993-04-30
1993-05-28,ZQK93,"30-Day Fed Funds May 1993 Futures",97.01,97.1,1992-10-06,96.33,1992-12-02,-0.04%,1993-05-28
1993-06-30,ZQM93,"30-Day Fed Funds June 1993 Futures",96.97,97.1,1992-10-05,96.2,1992-12-02,+0.12%,1993-06-30
1993-07-30,ZQN93,"30-Day Fed Funds July 1993 Futures",96.94,97.05,1993-05-04,96.12,1992-12-04,+0.57%,1993-07-30
1993-08-31,ZQQ93,"30-Day Fed Funds August 1993 Futures",96.97,97.04,1993-05-04,96.04,1992-12-04,+0.87%,1993-08-31
1993-09-30,ZQU93,"30-Day Fed Funds September 1993 Futures",96.92,97,1993-05-04,96.13,1993-01-07,+0.76%,1993-09-30
1993-10-29,ZQV93,"30-Day Fed Funds October 1993 Futures",97.01,97.01,1993-10-29,96.58,1993-06-08,+0.29%,1993-10-29
1993-11-30,ZQX93,"30-Day Fed Funds November 1993 Futures",96.98,96.99,1993-11-26,96.49,1993-06-08,+0.13%,1993-11-30
1993-12-31,ZQZ93,"30-Day Fed Funds December 1993 Futures",97.03,97.03,1993-12-31,96.37,1993-06-08,+0.34%,1993-12-31
1994-01-31,ZQF94,"30-Day Fed Funds January 1994 Futures",96.96,96.98,1994-01-17,96.27,1993-06-10,+0.55%,1994-01-31
1994-02-28,ZQG94,"30-Day Fed Funds February 1994 Futures",96.76,96.96,1994-01-12,96.27,1993-06-08,+0.34%,1994-02-28
1994-03-31,ZQH94,"30-Day Fed Funds March 1994 Futures",96.67,96.91,1994-01-28,96.34,1993-07-23,+0.24%,1994-03-31
1994-04-29,ZQJ94,"30-Day Fed Funds April 1994 Futures",96.44,96.87,1994-01-28,96.28,1994-04-04,-0.27%,1994-04-29
1994-05-31,ZQK94,"30-Day Fed Funds May 1994 Futures",95.99,96.8,1994-01-28,95.88,1994-05-09,-0.65%,1994-05-31
1994-06-30,ZQM94,"30-Day Fed Funds June 1994 Futures",95.76,96.72,1994-01-28,95.54,1994-05-09,-0.87%,1994-06-30
1994-07-29,ZQN94,"30-Day Fed Funds July 1994 Futures",95.74,96.67,1994-01-12,95.25,1994-05-11,-0.66%,1994-07-29
1994-08-31,ZQQ94,"30-Day Fed Funds August 1994 Futures",95.51,96.58,1994-01-28,95.05,1994-05-10,-0.90%,1994-08-31
1994-09-30,ZQU94,"30-Day Fed Funds September 1994 Futures",95.26,96.44,1994-01-28,94.81,1994-05-10,-1.01%,1994-09-30
1994-10-31,ZQV94,"30-Day Fed Funds October 1994 Futures",95.24,95.63,1994-03-25,94.63,1994-05-12,-0.40%,1994-10-31
1994-11-30,ZQX94,"30-Day Fed Funds November 1994 Futures",94.7,95.52,1994-03-24,94.44,1994-05-11,-0.85%,1994-11-30
1994-12-30,ZQZ94,"30-Day Fed Funds December 1994 Futures",94.48,96.11,1994-01-28,94.16,1994-12-05,-1.51%,1994-12-30
1995-01-31,ZQF95,"30-Day Fed Funds January 1995 Futures",94.48,94.66,1994-09-06,93.93,1994-12-05,+0.20%,1995-01-31
1995-02-28,ZQG95,"30-Day Fed Funds February 1995 Futures",94.08,94.59,1994-08-03,93.49,1994-12-14,-0.50%,1995-02-28
1995-03-31,ZQH95,"30-Day Fed Funds March 1995 Futures",94.02,94.44,1994-09-08,93.28,1994-12-13,-0.39%,1995-03-31
1995-04-28,ZQJ95,"30-Day Fed Funds April 1995 Futures",93.96,94.34,1994-09-06,92.96,1994-12-13,-0.31%,1995-04-28
1995-05-31,ZQK95,"30-Day Fed Funds May 1995 Futures",93.99,94.24,1994-09-06,92.68,1994-12-13,-0.13%,1995-05-31
1995-06-30,ZQM95,"30-Day Fed Funds June 1995 Futures",93.98,94.13,1995-06-02,92.5,1994-12-13,+0.25%,1995-06-30
1995-07-31,ZQN95,"30-Day Fed Funds July 1995 Futures",94.14,94.3,1995-06-02,92.65,1995-01-12,+1.61%,1995-07-31
1995-08-31,ZQQ95,"30-Day Fed Funds August 1995 Futures",94.27,94.4,1995-06-02,92.2,1994-12-13,+2.05%,1995-08-31
1995-09-29,ZQU95,"30-Day Fed Funds September 1995 Futures",94.18,94.6,1995-06-02,93.29,1995-03-07,+0.80%,1995-09-29
1995-10-31,ZQV95,"30-Day Fed Funds October 1995 Futures",94.245,94.68,1995-06-02,93.7,1995-05-01,+0.52%,1995-10-31
1995-11-30,ZQX95,"30-Day Fed Funds November 1995 Futures",94.205,94.75,1995-06-02,93.65,1995-04-28,+0.45%,1995-11-30
1995-12-29,ZQZ95,"30-Day Fed Funds December 1995 Futures",94.32,94.6,1995-07-07,94.17,1995-06-09,+0.03%,1995-12-29
1996-01-31,ZQF96,"30-Day Fed Funds January 1996 Futures",94.43,94.63,1995-06-22,94.3,1995-12-12,-0.21%,1996-01-31
1996-02-29,ZQG96,"30-Day Fed Funds February 1996 Futures",94.77,94.825,1996-02-27,94.33,1995-08-18,+0.47%,1996-02-29
1996-03-29,ZQH96,"30-Day Fed Funds March 1996 Futures",94.68,94.79,1996-02-14,94.41,1995-09-28,+0.11%,1996-03-29
1996-04-30,ZQJ96,"30-Day Fed Funds April 1996 Futures",94.775,94.98,1996-02-13,94.44,1995-09-28,+0.18%,1996-04-30
1996-05-31,ZQK96,"30-Day Fed Funds May 1996 Futures",94.76,95.05,1996-02-13,94.4,1995-09-28,+0.20%,1996-05-31
1996-06-28,ZQM96,"30-Day Fed Funds June 1996 Futures",94.695,95.2,1996-02-13,94.36,1995-09-28,+0.15%,1996-06-28
1996-07-31,ZQN96,"30-Day Fed Funds July 1996 Futures",94.64,95.34,1996-02-13,94.575,1996-07-08,-0.05%,1996-07-31
1996-08-30,ZQQ96,"30-Day Fed Funds August 1996 Futures",94.775,95.39,1996-02-14,94.52,1996-07-08,-0.37%,1996-08-30
1996-09-30,ZQU96,"30-Day Fed Funds September 1996 Futures",94.705,95.43,1996-02-14,94.36,1996-07-08,-0.55%,1996-09-30
1996-10-31,ZQV96,"30-Day Fed Funds October 1996 Futures",94.75,95.52,1996-02-14,94.2,1996-07-05,-0.57%,1996-10-31
1996-11-29,ZQX96,"30-Day Fed Funds November 1996 Futures",94.67,95.54,1996-02-13,94.14,1996-07-08,-0.69%,1996-11-29
1996-12-31,ZQZ96,"30-Day Fed Funds December 1996 Futures",94.66,95.52,1996-02-14,94,1996-07-08,-0.62%,1996-12-31
1997-01-31,ZQF97,"30-Day Fed Funds January 1997 Futures",94.745,95.52,1996-02-14,93.9,1996-07-08,-0.63%,1997-01-31
1997-02-28,ZQG97,"30-Day Fed Funds February 1997 Futures",94.82,94.82,1997-02-28,93.8,1996-07-08,+0.66%,1997-02-28
1997-03-31,ZQH97,"30-Day Fed Funds March 1997 Futures",94.635,94.73,1997-02-24,93.68,1996-07-05,+0.57%,1997-03-31
1997-04-30,ZQJ97,"30-Day Fed Funds April 1997 Futures",94.49,94.71,1997-02-19,93.56,1996-07-05,+0.52%,1997-04-30
1997-05-30,ZQK97,"30-Day Fed Funds May 1997 Futures",94.49,94.7,1996-12-03,93.79,1996-09-05,+0.54%,1997-05-30
1997-06-30,ZQM97,"30-Day Fed Funds June 1997 Futures",94.465,94.68,1996-12-03,94.29,1997-04-14,+0.10%,1997-06-30
1997-07-31,ZQN97,"30-Day Fed Funds July 1997 Futures",94.485,94.65,1996-11-29,94.16,1997-04-14,+0.19%,1997-07-31
1997-08-29,ZQQ97,"30-Day Fed Funds August 1997 Futures",94.465,94.62,1996-11-29,94.09,1997-04-14,-0.01%,1997-08-29
1997-09-30,ZQU97,"30-Day Fed Funds September 1997 Futures",94.45,94.53,1997-02-14,94,1997-04-14,+0.08%,1997-09-30
1997-10-31,ZQV97,"30-Day Fed Funds October 1997 Futures",94.5,94.51,1997-10-20,93.89,1997-04-14,+0.17%,1997-10-31
1997-11-28,ZQX97,"30-Day Fed Funds November 1997 Futures",94.455,94.48,1997-10-28,93.82,1997-04-14,+0.33%,1997-11-28
1997-12-31,ZQZ97,"30-Day Fed Funds December 1997 Futures",94.49,94.5,1997-12-31,93.73,1997-04-14,+0.46%,1997-12-31
1998-01-30,ZQF98,"30-Day Fed Funds January 1998 Futures",94.435,94.48,1998-01-09,93.65,1997-04-14,+0.49%,1998-01-30
1998-02-27,ZQG98,"30-Day Fed Funds February 1998 Futures",94.5,94.63,1998-01-12,93.96,1997-06-05,+0.57%,1998-02-27
1998-03-26,ZQH98,"30-Day Fed Funds March 1998 Futures",94.485,94.64,1998-01-12,93.82,1997-05-29,+0.69%,1998-03-26
1998-04-30,ZQJ98,"30-Day Fed Funds April 1998 Futures",94.555,94.74,1998-01-12,94.16,1997-09-11,+0.37%,1998-04-30
1998-05-29,ZQK98,"30-Day Fed Funds May 1998 Futures",94.51,94.76,1998-01-12,94.15,1997-10-17,+0.27%,1998-05-29
1998-06-30,ZQM98,"30-Day Fed Funds June 1998 Futures",94.48,94.77,1998-01-12,94.11,1997-10-21,+0.28%,1998-06-30
1998-07-31,ZQN98,"30-Day Fed Funds July 1998 Futures",94.46,94.8,1998-01-09,94.2,1997-12-08,+0.16%,1998-07-31
1998-08-31,ZQQ98,"30-Day Fed Funds August 1998 Futures",94.46,94.83,1998-01-09,94.2,1997-12-08,+0.13%,1998-08-31
1998-09-30,ZQU98,"30-Day Fed Funds September 1998 Futures",94.495,94.81,1998-01-09,94.3,1998-04-27,+0.11%,1998-09-30
1998-10-30,ZQV98,"30-Day Fed Funds October 1998 Futures",94.92,94.965,1998-10-26,94.31,1998-04-27,+0.42%,1998-10-30
1998-11-30,ZQX98,"30-Day Fed Funds November 1998 Futures",95.165,95.185,1998-11-24,94.27,1998-04-27,+0.64%,1998-11-30
1998-12-31,ZQZ98,"30-Day Fed Funds December 1998 Futures",95.285,95.34,1998-10-16,94.29,1998-04-29,+0.79%,1998-12-31
1999-01-29,ZQF99,"30-Day Fed Funds January 1999 Futures",95.365,95.4,1998-10-16,94.25,1998-04-29,+0.95%,1999-01-29
1999-02-26,ZQG99,"30-Day Fed Funds February 1999 Futures",95.235,95.71,1998-10-16,94.28,1998-04-29,+0.71%,1999-02-26
1999-03-31,ZQH99,"30-Day Fed Funds March 1999 Futures",95.19,95.78,1998-10-19,94.38,1998-06-09,+0.79%,1999-03-31
1999-04-30,ZQJ99,"30-Day Fed Funds April 1999 Futures",95.265,95.8,1998-10-19,94.43,1998-06-17,+0.82%,1999-04-30
1999-05-28,ZQK99,"30-Day Fed Funds May 1999 Futures",95.225,95.82,1998-10-20,94.61,1998-08-19,+0.65%,1999-05-28
1999-06-30,ZQM99,"30-Day Fed Funds June 1999 Futures",95.23,95.82,1998-10-20,95.1,1999-03-01,+0.12%,1999-06-30
1999-07-30,ZQN99,"30-Day Fed Funds July 1999 Futures",95,95.44,1999-01-14,94.92,1999-06-30,-0.33%,1999-07-30
1999-08-31,ZQQ99,"30-Day Fed Funds August 1999 Futures",94.93,95.44,1999-01-14,94.86,1999-06-30,-0.44%,1999-08-31
1999-09-30,ZQU99,"30-Day Fed Funds September 1999 Futures",94.78,95.44,1999-01-14,94.72,1999-08-31,-0.60%,1999-09-30
1999-10-29,ZQV99,"30-Day Fed Funds October 1999 Futures",94.795,95.44,1999-01-14,94.62,1999-08-31,-0.60%,1999-10-29
1999-11-30,ZQX99,"30-Day Fed Funds November 1999 Futures",94.58,95.14,1999-04-29,94.565,1999-11-26,-0.41%,1999-11-30
1999-12-31,ZQZ99,"30-Day Fed Funds December 1999 Futures",94.69,95.5,1999-01-22,94.49,1999-11-17,-0.71%,1999-12-31
2000-01-31,ZQF00,"30-Day Fed Funds January 2000 Futures",94.555,95.15,1999-04-29,94.4,1999-06-30,-0.58%,2000-01-31
2000-02-29,ZQG00,"30-Day Fed Funds February 2000 Futures",94.265,94.75,1999-07-21,94.17,2000-02-02,-0.39%,2000-02-29
2000-03-31,ZQH00,"30-Day Fed Funds March 2000 Futures",94.14,94.52,1999-09-28,94.075,2000-02-02,-0.32%,2000-03-31
2000-04-28,ZQJ00,"30-Day Fed Funds April 2000 Futures",93.98,94.475,1999-09-24,93.91,2000-02-02,-0.44%,2000-04-28
2000-05-31,ZQK00,"30-Day Fed Funds May 2000 Futures",93.74,94.2,1999-11-22,93.735,2000-05-31,-0.47%,2000-05-31
2000-06-30,ZQM00,"30-Day Fed Funds June 2000 Futures",93.47,94.13,1999-11-22,93.465,2000-06-30,-0.68%,2000-06-30
2000-07-31,ZQN00,"30-Day Fed Funds July 2000 Futures",93.45,94.06,1999-11-22,93.18,2000-05-17,-0.63%,2000-07-31
2000-08-31,ZQQ00,"30-Day Fed Funds August 2000 Futures",93.505,93.73,2000-02-25,93.12,2000-05-17,-0.18%,2000-08-31
2000-09-29,ZQU00,"30-Day Fed Funds September 2000 Futures",93.48,93.64,2000-02-25,92.98,2000-05-18,-0.10%,2000-09-29
2000-10-31,ZQV00,"30-Day Fed Funds October 2000 Futures",93.49,93.52,2000-04-04,92.88,2000-05-18,+0.09%,2000-10-31
2000-11-30,ZQX00,"30-Day Fed Funds November 2000 Futures",93.485,93.515,2000-10-23,92.84,2000-05-18,+0.14%,2000-11-30
2000-12-29,ZQZ00,"30-Day Fed Funds December 2000 Futures",93.49,93.55,2000-10-26,92.76,2000-05-18,+0.25%,2000-12-29
2001-01-31,ZQF01,"30-Day Fed Funds January 2001 Futures",94.02,94.09,2001-01-05,92.665,2000-05-16,+0.83%,2001-01-31
2001-02-28,ZQG01,"30-Day Fed Funds February 2001 Futures",94.51,94.59,2001-01-31,92.59,2000-05-17,+1.62%,2001-02-28
2001-03-30,ZQH01,"30-Day Fed Funds March 2001 Futures",94.685,94.855,2001-02-28,93.14,2000-07-19,+1.58%,2001-03-30
2001-04-30,ZQJ01,"30-Day Fed Funds April 2001 Futures",95.205,95.215,2001-04-26,93.14,2000-07-19,+2.14%,2001-04-30
2001-05-30,ZQK01,"30-Day Fed Funds May 2001 Futures",95.79,95.795,2001-05-25,93.425,2000-12-05,+2.53%,2001-05-30
2001-06-29,ZQM01,"30-Day Fed Funds June 2001 Futures",96.02,96.04,2001-06-22,93.425,2000-12-05,+2.78%,2001-06-29
2001-07-31,ZQN01,"30-Day Fed Funds July 2001 Futures",96.235,96.4,2001-06-18,93.425,2000-12-05,+3.01%,2001-07-31
2001-08-31,ZQQ01,"30-Day Fed Funds August 2001 Futures",96.35,96.45,2001-06-25,93.425,2000-12-05,+3.13%,2001-08-31
2001-09-28,ZQU01,"30-Day Fed Funds September 2001 Futures",96.895,97.22,2001-09-20,93.425,2001-02-07,+3.71%,2001-09-28
2001-10-31,ZQV01,"30-Day Fed Funds October 2001 Futures",97.52,97.56,2001-09-20,93.425,2001-02-07,+4.38%,2001-10-31
2001-11-30,ZQX01,"30-Day Fed Funds November 2001 Futures",97.905,97.92,2001-11-07,93.425,2001-04-26,+4.80%,2001-11-30
2001-12-31,ZQZ01,"30-Day Fed Funds December 2001 Futures",98.18,98.205,2001-12-10,93.425,2001-04-26,+5.09%,2001-12-31
2002-01-31,ZQF02,"30-Day Fed Funds January 2002 Futures",98.27,98.3,2002-01-18,95.77,2001-04-30,+2.54%,2002-01-31
2002-02-28,ZQG02,"30-Day Fed Funds February 2002 Futures",98.255,98.44,2002-01-14,93.425,2001-06-06,+5.17%,2002-02-28
2002-03-28,ZQH02,"30-Day Fed Funds March 2002 Futures",98.255,98.44,2002-01-14,93.425,2001-06-04,+5.17%,2002-03-28
2002-04-30,ZQJ02,"30-Day Fed Funds April 2002 Futures",98.25,98.43,2002-01-16,93.425,2001-06-04,+5.16%,2002-04-30
2002-05-31,ZQK02,"30-Day Fed Funds May 2002 Futures",98.25,98.385,2002-01-16,93.425,2001-08-30,+5.16%,2002-05-31
2002-06-28,ZQM02,"30-Day Fed Funds June 2002 Futures",98.24,98.33,2002-01-14,93.425,2001-08-30,+5.15%,2002-06-28
2002-07-31,ZQN02,"30-Day Fed Funds July 2002 Futures",98.27,99.22,2002-05-31,93.425,2001-10-29,+5.19%,2002-07-31
2002-08-30,ZQQ02,"30-Day Fed Funds August 2002 Futures",98.26,98.34,2002-07-24,97.485,2002-03-25,+0.52%,2002-08-30
2002-09-30,ZQU02,"30-Day Fed Funds September 2002 Futures",98.25,98.39,2002-08-08,97.25,2002-03-25,+0.67%,2002-09-30
2002-10-31,ZQV02,"30-Day Fed Funds October 2002 Futures",98.25,98.47,2002-08-08,93.425,2001-12-28,+5.16%,2002-10-31
2002-11-29,ZQX02,"30-Day Fed Funds November 2002 Futures",98.66,98.665,2002-11-14,93.425,2002-02-05,+5.60%,2002-11-29
2002-12-31,ZQZ02,"30-Day Fed Funds December 2002 Futures",98.76,98.775,2002-11-20,93.425,2002-02-05,+5.71%,2002-12-31
2003-01-31,ZQF03,"30-Day Fed Funds January 2003 Futures",98.765,98.775,2002-11-14,93.425,2002-03-21,+5.72%,2003-01-31
2003-02-28,ZQG03,"30-Day Fed Funds February 2003 Futures",98.74,98.805,2002-11-13,93.425,2002-05-06,+5.69%,2003-02-28
2003-03-31,ZQH03,"30-Day Fed Funds March 2003 Futures",98.75,98.815,2003-01-27,93.425,2002-07-02,+5.70%,2003-03-31
2003-04-30,ZQJ03,"30-Day Fed Funds April 2003 Futures",98.745,98.895,2003-03-11,93.425,2002-06-13,+5.69%,2003-04-30
2003-05-30,ZQK03,"30-Day Fed Funds May 2003 Futures",98.745,98.99,2003-03-11,98.075,2002-09-11,+0.48%,2003-05-30
2003-06-30,ZQM03,"30-Day Fed Funds June 2003 Futures",98.785,99.01,2003-03-11,98.4,2002-10-25,+0.39%,2003-06-30
2003-07-31,ZQN03,"30-Day Fed Funds July 2003 Futures",98.99,99.185,2003-06-19,98.41,2002-11-27,+0.39%,2003-07-31
2003-08-29,ZQQ03,"30-Day Fed Funds August 2003 Futures",98.97,99.2,2003-06-19,98.32,2002-11-27,+0.39%,2003-08-29
2003-09-30,ZQU03,"30-Day Fed Funds September 2003 Futures",98.99,99.21,2003-06-19,98.22,2002-11-27,+0.54%,2003-09-30
2003-10-31,ZQV03,"30-Day Fed Funds October 2003 Futures",98.985,99.22,2003-06-19,98.71,2003-02-05,+0.28%,2003-10-31
2003-11-28,ZQX03,"30-Day Fed Funds November 2003 Futures",98.995,99.22,2003-06-19,98.43,2003-01-06,+0.55%,2003-11-28
2003-12-31,ZQZ03,"30-Day Fed Funds December 2003 Futures",99.015,99.22,2003-06-13,98.525,2003-01-28,+0.49%,2003-12-31
2004-01-30,ZQF04,"30-Day Fed Funds January 2004 Futures",99.005,99.22,2003-06-13,98.52,2003-03-21,+0.01%,2004-01-30
2004-02-27,ZQG04,"30-Day Fed Funds February 2004 Futures",98.995,99.215,2003-06-13,98.645,2003-04-21,+0.31%,2004-02-27
2004-03-31,ZQH04,"30-Day Fed Funds March 2004 Futures",98.995,99.16,2003-06-13,98.765,2003-08-05,+0.10%,2004-03-31
2004-04-30,ZQJ04,"30-Day Fed Funds April 2004 Futures",98.995,99.145,2003-06-13,98.62,2003-08-01,+0.15%,2004-04-30
2004-05-28,ZQK04,"30-Day Fed Funds May 2004 Futures",98.99,99.085,2003-06-13,98.45,2003-08-05,+0.16%,2004-05-28
2004-06-30,ZQM04,"30-Day Fed Funds June 2004 Futures",98.975,99,2004-03-12,98.39,2003-08-05,+0.17%,2004-06-30
2004-07-30,ZQN04,"30-Day Fed Funds July 2004 Futures",98.74,98.98,2004-03-25,98.22,2003-08-21,+0.14%,2004-07-30
2004-08-31,ZQQ04,"30-Day Fed Funds August 2004 Futures",98.575,98.95,2004-03-25,98.21,2003-11-10,+0.16%,2004-08-31
2004-09-30,ZQU04,"30-Day Fed Funds September 2004 Futures",98.4,98.925,2004-03-24,98.05,2003-11-07,+0.16%,2004-09-30
2004-10-29,ZQV04,"30-Day Fed Funds October 2004 Futures",98.24,98.953,2004-01-07,97.96,2004-06-14,-0.08%,2004-10-29
2004-11-30,ZQX04,"30-Day Fed Funds November 2004 Futures",98.07,98.953,2004-01-07,97.745,2004-06-14,-0.25%,2004-11-30
2004-12-31,ZQZ04,"30-Day Fed Funds December 2004 Futures",97.84,98.953,2004-01-07,97.565,2004-06-14,-0.74%,2004-12-31
2005-01-31,ZQF05,"30-Day Fed Funds January 2005 Futures",97.725,98.685,2004-03-24,97.465,2004-06-14,-1.23%,2005-01-31
2005-02-28,ZQG05,"30-Day Fed Funds February 2005 Futures",97.5,98.6,2004-04-01,97.245,2004-06-14,-0.89%,2005-02-28
2005-03-31,ZQH05,"30-Day Fed Funds March 2005 Futures",97.375,98.6,2004-04-01,97.05,2004-06-14,-1.03%,2005-03-31
2005-04-29,ZQJ05,"30-Day Fed Funds April 2005 Futures",97.22,98.552,2004-06-18,96.895,2004-06-14,-0.77%,2005-04-29
2005-05-31,ZQK05,"30-Day Fed Funds May 2005 Futures",97,98.552,2004-06-18,96.895,2004-06-14,-0.61%,2005-05-31
2005-06-30,ZQM05,"30-Day Fed Funds June 2005 Futures",96.965,97.695,2004-09-21,96.875,2005-03-23,+0.01%,2005-06-30
2005-07-29,ZQN05,"30-Day Fed Funds July 2005 Futures",96.74,97.65,2004-09-20,96.595,2005-03-23,-0.23%,2005-07-29
2005-08-31,ZQQ05,"30-Day Fed Funds August 2005 Futures",96.505,96.965,2004-09-02,96.43,2005-03-23,-0.47%,2005-08-31
2005-09-30,ZQU05,"30-Day Fed Funds September 2005 Futures",96.38,96.92,2004-10-01,96.3,2005-03-23,-0.56%,2005-09-30
2005-10-31,ZQV05,"30-Day Fed Funds October 2005 Futures",96.225,96.905,2004-11-02,96.16,2005-03-23,-0.71%,2005-10-31
2005-11-30,ZQX05,"30-Day Fed Funds November 2005 Futures",96,96.885,2004-12-06,95.99,2005-11-10,-0.92%,2005-11-30
2005-12-30,ZQZ05,"30-Day Fed Funds December 2005 Futures",95.85,96.82,2005-01-05,95.83,2005-11-04,-1.01%,2005-12-30
2006-01-31,ZQF06,"30-Day Fed Funds January 2006 Futures",95.72,96.49,2005-02-15,95.715,2006-01-31,-0.79%,2006-01-31
2006-02-28,ZQG06,"30-Day Fed Funds February 2006 Futures",95.505,96.33,2005-04-18,95.495,2006-02-16,-0.61%,2006-02-28
2006-03-31,ZQH06,"30-Day Fed Funds March 2006 Futures",95.415,96.33,2005-04-19,95.41,2006-03-31,-0.71%,2006-03-31
2006-04-28,ZQJ06,"30-Day Fed Funds April 2006 Futures",95.21,96.22,2005-05-05,95.21,2006-04-28,-0.96%,2006-04-28
2006-05-31,ZQK06,"30-Day Fed Funds May 2006 Futures",95.055,96.115,2005-09-01,95.03,2006-05-05,-1.07%,2006-05-31
2006-06-30,ZQM06,"30-Day Fed Funds June 2006 Futures",94.995,96.14,2005-09-01,94.955,2006-06-20,-1.13%,2006-06-30
2006-07-31,ZQN06,"30-Day Fed Funds July 2006 Futures",94.765,96.115,2005-09-01,94.71,2006-06-28,-1.08%,2006-07-31
2006-08-31,ZQQ06,"30-Day Fed Funds August 2006 Futures",94.755,96.115,2005-09-01,94.57,2006-06-23,-0.96%,2006-08-31
2006-09-29,ZQU06,"30-Day Fed Funds September 2006 Futures",94.75,95.555,2005-09-30,94.5,2006-06-26,-0.91%,2006-09-29
2006-10-31,ZQV06,"30-Day Fed Funds October 2006 Futures",94.755,95.39,2006-01-04,94.445,2006-06-26,-0.54%,2006-10-31
2006-11-30,ZQX06,"30-Day Fed Funds November 2006 Futures",94.755,95.4,2006-01-04,94.42,2006-06-26,-0.64%,2006-11-30
2006-12-29,ZQZ06,"30-Day Fed Funds December 2006 Futures",94.765,95.41,2006-01-09,94.43,2006-07-05,-0.54%,2006-12-29
2007-01-31,ZQF07,"30-Day Fed Funds January 2007 Futures",94.755,95.2,2006-01-31,94.44,2006-06-28,-0.47%,2007-01-31
2007-02-28,ZQG07,"30-Day Fed Funds February 2007 Futures",94.75,95.085,2006-03-16,94.445,2006-06-28,-0.27%,2007-02-28
2007-03-30,ZQH07,"30-Day Fed Funds March 2007 Futures",94.745,94.94,2006-03-29,94.455,2006-06-28,-0.19%,2007-03-30
2007-04-30,ZQJ07,"30-Day Fed Funds April 2007 Futures",94.75,94.97,2006-10-05,94.455,2006-06-28,-0.16%,2007-04-30
2007-05-31,ZQK07,"30-Day Fed Funds May 2007 Futures",94.75,95.075,2006-12-01,94.455,2006-06-28,-0.05%,2007-05-31
2007-06-29,ZQM07,"30-Day Fed Funds June 2007 Futures",94.75,95.13,2006-12-01,94.465,2006-07-05,+0.23%,2007-06-29
2007-07-31,ZQN07,"30-Day Fed Funds July 2007 Futures",94.745,95.25,2006-12-01,94.67,2006-08-14,+0.02%,2007-07-31
2007-08-31,ZQQ07,"30-Day Fed Funds August 2007 Futures",94.98,95.35,2006-12-01,94.745,2007-06-15,+0.07%,2007-08-31
2007-09-28,ZQU07,"30-Day Fed Funds September 2007 Futures",95.025,95.41,2006-12-05,94.735,2007-06-13,-0.13%,2007-09-28
2007-10-31,ZQV07,"30-Day Fed Funds October 2007 Futures",95.25,95.45,2006-12-01,94.735,2007-06-15,+0.17%,2007-10-31
2007-11-30,ZQX07,"30-Day Fed Funds November 2007 Futures",95.52,95.585,2007-11-08,94.725,2007-06-13,+0.21%,2007-11-30
2007-12-31,ZQZ07,"30-Day Fed Funds December 2007 Futures",95.755,95.795,2007-11-30,94.715,2007-06-15,+0.67%,2007-12-31
2008-01-31,ZQF08,"30-Day Fed Funds January 2008 Futures",96.065,96.12,2008-01-23,94.725,2007-06-13,+1.24%,2008-01-31
2008-02-29,ZQG08,"30-Day Fed Funds February 2008 Futures",97.02,97.165,2008-01-23,94.73,2007-06-14,+1.80%,2008-02-29
2008-03-31,ZQH08,"30-Day Fed Funds March 2008 Futures",97.395,97.515,2008-03-17,94.715,2007-06-14,+2.17%,2008-03-31
2008-04-30,ZQJ08,"30-Day Fed Funds April 2008 Futures",97.73,98.075,2008-03-17,94.735,2007-06-14,+2.59%,2008-04-30
2008-05-30,ZQK08,"30-Day Fed Funds May 2008 Futures",98.02,98.455,2008-03-17,94.735,2007-06-14,+3.21%,2008-05-30
2008-06-30,ZQM08,"30-Day Fed Funds June 2008 Futures",98.005,98.49,2008-03-17,94.795,2007-07-09,+3.24%,2008-06-30
2008-07-31,ZQN08,"30-Day Fed Funds July 2008 Futures",97.99,98.61,2008-03-17,95.25,2007-07-31,+2.89%,2008-07-31
2008-08-29,ZQQ08,"30-Day Fed Funds August 2008 Futures",97.99,98.66,2008-03-17,95.625,2007-10-15,+2.47%,2008-08-29
2008-09-30,ZQU08,"30-Day Fed Funds September 2008 Futures",98.1925,98.68,2008-03-17,95.635,2007-10-15,+2.45%,2008-09-30
2008-10-31,ZQV08,"30-Day Fed Funds October 2008 Futures",99.0275,99.03,2008-10-31,95.88,2007-10-31,+3.16%,2008-10-31
2008-11-28,ZQX08,"30-Day Fed Funds November 2008 Futures",99.6025,99.68,2008-11-11,96.605,2007-12-10,+3.07%,2008-11-28
2008-12-31,ZQZ08,"30-Day Fed Funds December 2008 Futures",99.845,99.85,2008-12-16,96.81,2007-12-31,+3.19%,2008-12-31
2009-01-30,ZQF09,"30-Day Fed Funds January 2009 Futures",99.8425,99.8825,2009-01-14,97.06,2008-06-13,+2.20%,2009-01-30
2009-02-27,ZQG09,"30-Day Fed Funds February 2009 Futures",99.7775,99.85,2009-01-14,96.85,2008-06-13,+1.94%,2009-02-27
2009-03-31,ZQH09,"30-Day Fed Funds March 2009 Futures",99.8175,99.835,2009-01-14,96.765,2008-06-13,+1.76%,2009-03-31
2009-04-30,ZQJ09,"30-Day Fed Funds April 2009 Futures",99.85,99.8525,2009-04-27,96.685,2008-06-13,+2.31%,2009-04-30
2009-05-29,ZQK09,"30-Day Fed Funds May 2009 Futures",99.82,99.825,2009-05-29,96.52,2008-06-12,+2.78%,2009-05-29
2009-06-30,ZQM09,"30-Day Fed Funds June 2009 Futures",99.795,99.82,2009-06-01,97.07,2008-07-23,+2.81%,2009-06-30
2009-07-31,ZQN09,"30-Day Fed Funds July 2009 Futures",99.8425,99.845,2009-07-31,97.2,2008-08-05,+2.73%,2009-07-31
2009-08-31,ZQQ09,"30-Day Fed Funds August 2009 Futures",99.8375,99.8425,2009-08-17,97.385,2008-09-08,+2.42%,2009-08-31
2009-09-30,ZQU09,"30-Day Fed Funds September 2009 Futures",99.85,99.855,2009-09-30,97.87,2008-10-01,+2.09%,2009-09-30
2009-10-30,ZQV09,"30-Day Fed Funds October 2009 Futures",99.88,99.8825,2009-10-30,98.31,2008-11-03,+1.43%,2009-10-30
2009-11-30,ZQX09,"30-Day Fed Funds November 2009 Futures",99.88,99.8825,2009-11-30,99,2008-12-01,+0.92%,2009-11-30
2009-12-31,ZQZ09,"30-Day Fed Funds December 2009 Futures",99.88,99.885,2009-11-20,99.22,2009-01-05,+0.53%,2009-12-31
2010-01-29,ZQF10,"30-Day Fed Funds January 2010 Futures",99.8875,99.89,2010-01-29,99.3,2009-06-05,+0.47%,2010-01-29
2010-02-26,ZQG10,"30-Day Fed Funds February 2010 Futures",99.8725,99.875,2010-02-26,99.085,2009-06-05,+0.59%,2010-02-26
2010-03-31,ZQH10,"30-Day Fed Funds March 2010 Futures",99.8325,99.865,2010-02-26,98.96,2009-06-05,+0.47%,2010-03-31
2010-04-30,ZQJ10,"30-Day Fed Funds April 2010 Futures",99.8,99.85,2010-03-03,98.805,2009-06-05,+0.41%,2010-04-30
2010-05-28,ZQK10,"30-Day Fed Funds May 2010 Futures",99.795,99.84,2010-03-03,98.555,2009-06-08,+0.54%,2010-05-28
2010-06-30,ZQM10,"30-Day Fed Funds June 2010 Futures",99.8225,99.83,2010-03-03,98.885,2009-08-07,+0.79%,2010-06-30
2010-07-30,ZQN10,"30-Day Fed Funds July 2010 Futures",99.8175,99.825,2010-07-16,98.665,2009-08-07,+0.92%,2010-07-30
2010-08-31,ZQQ10,"30-Day Fed Funds August 2010 Futures",99.8125,99.8325,2010-08-10,99.025,2009-09-01,+0.79%,2010-08-31
2010-09-30,ZQU10,"30-Day Fed Funds September 2010 Futures",99.805,99.83,2010-08-17,99.065,2009-10-09,+0.76%,2010-09-30
2010-10-29,ZQV10,"30-Day Fed Funds October 2010 Futures",99.81,99.84,2010-08-13,99.115,2009-10-30,+0.73%,2010-10-29
2010-11-30,ZQX10,"30-Day Fed Funds November 2010 Futures",99.8075,99.835,2010-10-14,98.955,2009-12-31,+0.45%,2010-11-30
2010-12-31,ZQZ10,"30-Day Fed Funds December 2010 Futures",99.8175,99.84,2010-10-15,98.84,2009-12-31,+0.89%,2010-12-31
2011-01-31,ZQF11,"30-Day Fed Funds January 2011 Futures",99.83,99.85,2010-10-12,99.25,2010-02-03,+0.54%,2011-01-31
2011-02-28,ZQG11,"30-Day Fed Funds February 2011 Futures",99.8425,99.845,2011-02-28,99.15,2010-04-05,+0.50%,2011-02-28
2011-03-31,ZQH11,"30-Day Fed Funds March 2011 Futures",99.86,99.8625,2011-03-31,99.045,2010-04-05,+0.72%,2011-03-31
2011-04-29,ZQJ11,"30-Day Fed Funds April 2011 Futures",99.9,99.905,2011-04-14,99.19,2010-05-03,+0.67%,2011-04-29
2011-05-31,ZQK11,"30-Day Fed Funds May 2011 Futures",99.9075,99.91,2011-05-23,99.28,2010-06-04,+0.57%,2011-05-31
2011-06-30,ZQM11,"30-Day Fed Funds June 2011 Futures",99.9075,99.91,2011-06-30,99.515,2010-07-01,+0.38%,2011-06-30
2011-07-29,ZQN11,"30-Day Fed Funds July 2011 Futures",99.93,99.935,2011-07-27,99.605,2010-07-30,+0.34%,2011-07-29
2011-08-31,ZQQ11,"30-Day Fed Funds August 2011 Futures",99.9025,99.925,2011-07-18,99.64,2010-09-13,+0.24%,2011-08-31
2011-09-30,ZQU11,"30-Day Fed Funds September 2011 Futures",99.915,99.93,2011-08-04,99.68,2010-12-08,+0.17%,2011-09-30
2011-10-31,ZQV11,"30-Day Fed Funds October 2011 Futures",99.9275,99.935,2011-09-20,99.64,2010-12-16,+0.13%,2011-10-31
2011-11-30,ZQX11,"30-Day Fed Funds November 2011 Futures",99.9175,99.94,2011-09-20,99.56,2010-12-16,+0.25%,2011-11-30
2011-12-30,ZQZ11,"30-Day Fed Funds December 2011 Futures",99.9275,99.94,2011-09-20,99.55,2011-02-09,+0.29%,2011-12-30
2012-01-31,ZQF12,"30-Day Fed Funds January 2012 Futures",99.9175,99.94,2011-09-20,99.48,2011-02-08,+0.24%,2012-01-31
2012-02-29,ZQG12,"30-Day Fed Funds February 2012 Futures",99.895,99.94,2011-09-20,99.485,2011-03-04,+0.29%,2012-02-29
2012-03-30,ZQH12,"30-Day Fed Funds March 2012 Futures",99.8725,99.94,2011-09-20,99.41,2011-04-01,+0.41%,2012-03-30
2012-04-30,ZQJ12,"30-Day Fed Funds April 2012 Futures",99.8625,99.94,2011-09-20,99.595,2011-05-06,+0.26%,2012-04-30
2012-05-31,ZQK12,"30-Day Fed Funds May 2012 Futures",99.8425,99.94,2011-09-20,99.675,2011-05-31,+0.15%,2012-05-31
2012-06-29,ZQM12,"30-Day Fed Funds June 2012 Futures",99.835,99.945,2011-08-11,99.685,2011-06-30,+0.14%,2012-06-29
2012-07-31,ZQN12,"30-Day Fed Funds July 2012 Futures",99.8425,99.95,2011-08-11,99.775,2011-08-01,+0.07%,2012-07-31
2012-08-31,ZQQ12,"30-Day Fed Funds August 2012 Futures",99.865,99.945,2011-09-20,99.815,2012-06-22,-0.05%,2012-08-31
2012-09-28,ZQU12,"30-Day Fed Funds September 2012 Futures",99.855,99.9,2012-01-31,99.81,2012-07-03,-0.05%,2012-09-28
2012-10-31,ZQV12,"30-Day Fed Funds October 2012 Futures",99.84,99.9,2011-11-11,99.81,2012-07-05,-0.02%,2012-10-31
2012-11-30,ZQX12,"30-Day Fed Funds November 2012 Futures",99.8375,99.895,2012-01-26,99.805,2012-07-03,-0.03%,2012-11-30
2012-12-31,ZQZ12,"30-Day Fed Funds December 2012 Futures",99.835,99.895,2012-09-13,99.805,2012-03-21,-0.02%,2012-12-31
2013-01-31,ZQF13,"30-Day Fed Funds January 2013 Futures",99.8575,99.895,2012-09-13,99.79,2012-03-16,-0.03%,2013-01-31
2013-02-28,ZQG13,"30-Day Fed Funds February 2013 Futures",99.855,99.895,2012-09-13,99.77,2012-03-20,+0.03%,2013-02-28
2013-03-28,ZQH13,"30-Day Fed Funds March 2013 Futures",99.8525,99.895,2012-09-13,99.785,2012-04-04,+0.04%,2013-03-28
2013-04-30,ZQJ13,"30-Day Fed Funds April 2013 Futures",99.8525,99.895,2012-09-13,99.805,2012-07-05,+0.02%,2013-04-30
2013-05-31,ZQK13,"30-Day Fed Funds May 2013 Futures",99.89,99.8925,2013-05-31,99.8,2012-07-03,+0.09%,2013-05-31
2013-06-28,ZQM13,"30-Day Fed Funds June 2013 Futures",99.905,99.91,2013-06-13,99.795,2012-07-02,+0.10%,2013-06-28
2013-07-31,ZQN13,"30-Day Fed Funds July 2013 Futures",99.905,99.9075,2013-07-31,99.835,2012-10-25,+0.04%,2013-07-31
2013-08-30,ZQQ13,"30-Day Fed Funds August 2013 Futures",99.915,99.9175,2013-08-30,99.83,2012-10-25,+0.06%,2013-08-30
2013-09-30,ZQU13,"30-Day Fed Funds September 2013 Futures",99.92,99.9225,2013-09-30,99.825,2012-10-25,+0.05%,2013-09-30
2013-10-31,ZQV13,"30-Day Fed Funds October 2013 Futures",99.9125,99.915,2013-10-31,99.83,2013-01-28,+0.08%,2013-10-31
2013-11-29,ZQX13,"30-Day Fed Funds November 2013 Futures",99.915,99.92,2013-11-07,99.825,2013-01-28,+0.06%,2013-11-29
2013-12-31,ZQZ13,"30-Day Fed Funds December 2013 Futures",99.915,99.92,2013-11-29,99.82,2013-06-24,+0.07%,2013-12-31
2014-01-31,ZQF14,"30-Day Fed Funds January 2014 Futures",99.9275,99.93,2014-01-31,99.815,2013-06-24,+0.10%,2014-01-31
2014-02-28,ZQG14,"30-Day Fed Funds February 2014 Futures",99.9325,99.935,2014-02-27,99.795,2013-06-24,+0.08%,2014-02-28
2014-03-31,ZQH14,"30-Day Fed Funds March 2014 Futures",99.92,99.93,2014-02-24,99.785,2013-06-25,+0.09%,2014-03-31
2014-04-30,ZQJ14,"30-Day Fed Funds April 2014 Futures",99.9125,99.93,2014-02-28,99.765,2013-06-24,+0.05%,2014-04-30
2014-05-30,ZQK14,"30-Day Fed Funds May 2014 Futures",99.9125,99.925,2014-03-03,99.745,2013-06-25,+0.10%,2014-05-30
2014-06-30,ZQM14,"30-Day Fed Funds June 2014 Futures",99.905,99.925,2014-03-03,99.75,2013-07-08,+0.13%,2014-06-30
2014-07-31,ZQN14,"30-Day Fed Funds July 2014 Futures",99.9075,99.92,2014-04-08,99.735,2013-09-05,+0.10%,2014-07-31
2014-08-29,ZQQ14,"30-Day Fed Funds August 2014 Futures",99.91,99.915,2014-03-03,99.69,2013-09-05,+0.15%,2014-08-29
2014-09-30,ZQU14,"30-Day Fed Funds September 2014 Futures",99.9125,99.915,2014-08-29,99.805,2013-10-16,+0.10%,2014-09-30
2014-10-31,ZQV14,"30-Day Fed Funds October 2014 Futures",99.9125,99.925,2014-10-01,99.82,2014-01-10,+0.08%,2014-10-31
2014-11-28,ZQX14,"30-Day Fed Funds November 2014 Futures",99.905,99.92,2014-10-15,99.795,2014-01-09,+0.03%,2014-11-28
2014-12-31,ZQZ14,"30-Day Fed Funds December 2014 Futures",99.8775,99.92,2014-10-09,99.78,2014-01-10,+0.05%,2014-12-31
2015-01-30,ZQF15,"30-Day Fed Funds January 2015 Futures",99.8825,99.92,2014-10-10,99.82,2014-03-24,+0.04%,2015-01-30
2015-02-27,ZQG15,"30-Day Fed Funds February 2015 Futures",99.8875,99.915,2014-10-09,99.785,2014-03-24,+0.04%,2015-02-27
2015-03-31,ZQH15,"30-Day Fed Funds March 2015 Futures",99.885,99.91,2014-10-16,99.775,2014-04-04,+0.10%,2015-03-31
2015-04-30,ZQJ15,"30-Day Fed Funds April 2015 Futures",99.875,99.905,2014-10-15,99.755,2014-07-09,+0.08%,2015-04-30
2015-05-29,ZQK15,"30-Day Fed Funds May 2015 Futures",99.875,99.895,2014-10-15,99.685,2014-07-09,+0.09%,2015-05-29
2015-06-30,ZQM15,"30-Day Fed Funds June 2015 Futures",99.871,99.885,2014-10-15,99.635,2014-07-09,+0.16%,2015-06-30
2015-07-31,ZQN15,"30-Day Fed Funds July 2015 Futures",99.87,99.8725,2015-07-14,99.575,2014-07-31,+0.27%,2015-07-31
2015-08-31,ZQQ15,"30-Day Fed Funds August 2015 Futures",99.8625,99.87,2015-08-12,99.525,2014-09-12,+0.28%,2015-08-31
2015-09-30,ZQU15,"30-Day Fed Funds September 2015 Futures",99.8625,99.865,2015-09-30,99.51,2014-10-01,+0.36%,2015-09-30
2015-10-30,ZQV15,"30-Day Fed Funds October 2015 Futures",99.875,99.8775,2015-10-30,99.48,2014-12-23,+0.27%,2015-10-30
2015-11-30,ZQX15,"30-Day Fed Funds November 2015 Futures",99.88,99.8825,2015-11-30,99.405,2014-12-23,+0.29%,2015-11-30
2015-12-31,ZQZ15,"30-Day Fed Funds December 2015 Futures",99.759,99.835,2015-10-15,99.36,2015-01-02,+0.38%,2015-12-31
2016-01-29,ZQF16,"30-Day Fed Funds January 2016 Futures",99.6575,99.805,2015-10-15,99.325,2015-03-06,+0.16%,2016-01-29
2016-02-29,ZQG16,"30-Day Fed Funds February 2016 Futures",99.625,99.78,2015-10-15,99.25,2015-03-09,+0.27%,2016-02-29
2016-03-31,ZQH16,"30-Day Fed Funds March 2016 Futures",99.6375,99.755,2015-10-15,99.41,2015-03-30,+0.22%,2016-03-31
2016-04-29,ZQJ16,"30-Day Fed Funds April 2016 Futures",99.6375,99.725,2015-10-15,99.35,2015-06-11,+0.19%,2016-04-29
2016-05-31,ZQK16,"30-Day Fed Funds May 2016 Futures",99.6325,99.71,2015-10-15,99.275,2015-06-11,+0.22%,2016-05-31
2016-06-30,ZQM16,"30-Day Fed Funds June 2016 Futures",99.6225,99.68,2015-10-15,99.315,2015-08-07,+0.25%,2016-06-30
2016-07-29,ZQN16,"30-Day Fed Funds July 2016 Futures",99.608,99.67,2016-06-24,99.25,2015-08-07,+0.30%,2016-07-29
2016-08-31,ZQQ16,"30-Day Fed Funds August 2016 Futures",99.6025,99.68,2016-06-24,99.295,2015-12-30,+0.23%,2016-08-31
2016-09-30,ZQU16,"30-Day Fed Funds September 2016 Futures",99.604,99.69,2016-06-24,99.265,2015-12-30,+0.11%,2016-09-30
2016-10-31,ZQV16,"30-Day Fed Funds October 2016 Futures",99.605,99.71,2016-06-24,99.205,2015-12-30,+0.22%,2016-10-31
2016-11-30,ZQX16,"30-Day Fed Funds November 2016 Futures",99.5925,99.715,2016-06-24,99.145,2015-12-30,+0.36%,2016-11-30
2016-12-30,ZQZ16,"30-Day Fed Funds December 2016 Futures",99.46,99.705,2016-06-24,99.105,2015-12-31,+0.37%,2016-12-30
2017-01-31,ZQF17,"30-Day Fed Funds January 2017 Futures",99.35,99.69,2016-06-24,99.245,2016-03-16,-0.08%,2017-01-31
2017-02-28,ZQG17,"30-Day Fed Funds February 2017 Futures",99.3425,99.695,2016-06-24,99.22,2016-03-16,-0.10%,2017-02-28
2017-03-31,ZQH17,"30-Day Fed Funds March 2017 Futures",99.214,99.68,2016-06-24,99.2125,2017-03-31,-0.09%,2017-03-31
2017-04-28,ZQJ17,"30-Day Fed Funds April 2017 Futures",99.105,99.69,2016-06-24,99.1025,2017-04-28,-0.27%,2017-04-28
2017-05-31,ZQK17,"30-Day Fed Funds May 2017 Futures",99.095,99.675,2016-06-24,99.09,2017-04-28,-0.15%,2017-05-31
2017-06-30,ZQM17,"30-Day Fed Funds June 2017 Futures",98.96,99.605,2016-07-06,98.9575,2017-06-30,-0.63%,2017-06-30
2017-07-31,ZQN17,"30-Day Fed Funds July 2017 Futures",98.85,99.49,2016-08-04,98.845,2017-06-30,-0.63%,2017-07-31
2017-08-31,ZQQ17,"30-Day Fed Funds August 2017 Futures",98.845,99.42,2016-11-09,98.84,2017-07-28,-0.46%,2017-08-31
2017-09-29,ZQU17,"30-Day Fed Funds September 2017 Futures",98.845,99.41,2016-11-09,98.825,2017-07-07,-0.53%,2017-09-29
2017-10-31,ZQV17,"30-Day Fed Funds October 2017 Futures",98.846,99.38,2016-11-09,98.74,2017-05-09,-0.44%,2017-11-01
2017-11-30,ZQX17,"30-Day Fed Funds November 2017 Futures",98.843,99.085,2016-12-05,98.735,2017-05-09,-0.20%,2017-12-01
2017-12-29,ZQZ17,"30-Day Fed Funds December 2017 Futures",98.7,98.96,2017-02-08,98.69,2017-06-05,-0.17%,2017-12-29
2018-01-31,ZQF18,"30-Day Fed Funds January 2018 Futures",98.585,98.905,2017-02-08,98.5825,2018-01-25,-0.26%,2018-02-01
2018-02-28,ZQG18,"30-Day Fed Funds February 2018 Futures",98.582,98.83,2017-04-19,98.56,2018-01-25,-0.12%,2018-03-01
2018-03-29,ZQH18,"30-Day Fed Funds March 2018 Futures",98.4975,98.81,2017-04-19,98.495,2018-03-23,-0.17%,2018-04-01
2018-04-30,ZQJ18,"30-Day Fed Funds April 2018 Futures",98.308,98.775,2017-05-18,98.3075,2018-04-30,-0.35%,2018-05-01
2018-05-31,ZQK18,"30-Day Fed Funds May 2018 Futures",98.3,98.765,2017-09-08,98.29,2018-05-01,-0.37%,2018-06-01
2018-06-29,ZQM18,"30-Day Fed Funds June 2018 Futures",98.18,98.75,2017-09-08,98.155,2018-05-22,-0.43%,2018-06-29
2018-07-31,ZQN18,"30-Day Fed Funds July 2018 Futures",98.09,98.735,2017-09-08,98.05,2018-05-22,-0.54%,2018-08-01
2018-08-31,ZQQ18,"30-Day Fed Funds August 2018 Futures",98.085,98.73,2017-09-08,98.03,2018-05-16,-0.59%,2018-08-31
2018-09-28,ZQU18,"30-Day Fed Funds September 2018 Futures",98.045,98.525,2017-09-29,98.005,2018-05-16,-0.48%,2018-09-28
2018-10-31,ZQV18,"30-Day Fed Funds October 2018 Futures",97.812,98.365,2017-11-03,97.81,2018-10-31,-0.52%,2018-11-01
2018-11-30,ZQX18,"30-Day Fed Funds November 2018 Futures",97.8025,98.255,2017-12-01,97.7925,2018-11-09,-0.45%,2018-11-30
2018-12-31,ZQZ18,"30-Day Fed Funds December 2018 Futures",97.725,98.12,2018-02-06,9.7726,2019-01-02,-90.04%,2018-12-31
2019-01-31,ZQF19,"30-Day Fed Funds January 2019 Futures",97.6,98.08,2018-02-06,97.59,2018-11-29,-0.31%,2019-01-31
2019-02-28,ZQG19,"30-Day Fed Funds February 2019 Futures",97.6,97.94,2018-05-30,97.575,2018-11-29,-0.26%,2019-03-01
2019-03-29,ZQH19,"30-Day Fed Funds March 2019 Futures",97.595,97.92,2018-05-30,97.515,2018-11-09,-0.23%,2019-03-29
2019-04-30,ZQJ19,"30-Day Fed Funds April 2019 Futures",97.576,97.875,2018-05-30,97.4,2018-11-08,-0.02%,2019-05-01
2019-05-31,ZQK19,"30-Day Fed Funds May 2019 Futures",97.61,97.86,2018-05-30,97.375,2018-11-08,-0.04%,2019-05-31
2019-06-28,ZQM19,"30-Day Fed Funds June 2019 Futures",97.6225,97.685,2019-01-03,97.32,2018-11-08,+0.07%,2019-06-28
2019-07-31,ZQN19,"30-Day Fed Funds July 2019 Futures",97.597,97.71,2019-06-07,97.23,2018-11-08,+0.24%,2019-08-01
2019-08-30,ZQQ19,"30-Day Fed Funds August 2019 Futures",97.8725,98.02,2019-07-19,97.205,2018-11-08,+0.49%,2019-08-30
2019-09-30,ZQU19,"30-Day Fed Funds September 2019 Futures",97.957,98.085,2019-07-18,97.17,2018-11-08,+0.72%,2019-10-01
2019-10-31,ZQV19,"30-Day Fed Funds October 2019 Futures",98.17,98.27,2019-08-07,97.115,2018-11-08,+0.98%,2019-11-01
2019-11-29,ZQX19,"30-Day Fed Funds November 2019 Futures",98.445,98.45,2019-08-07,97.28,2018-12-03,+1.16%,2019-11-29
2019-12-31,ZQZ19,"30-Day Fed Funds December 2019 Futures",98.449,98.555,2019-08-07,97.52,2019-01-25,+0.88%,2020-01-02
2020-01-31,ZQF20,"30-Day Fed Funds January 2020 Futures",98.45,98.63,2019-08-07,97.555,2019-03-04,+0.88%,2020-01-31
2020-02-28,ZQG20,"30-Day Fed Funds February 2020 Futures",98.415,98.74,2019-08-07,97.575,2019-03-04,+0.79%,2020-02-28
2020-03-31,ZQH20,"30-Day Fed Funds March 2020 Futures",99.348,99.44,2020-03-09,97.735,2019-04-17,+1.54%,2020-04-01
2020-04-30,ZQJ20,"30-Day Fed Funds April 2020 Futures",99.951,99.9525,2020-05-01,97.785,2019-05-03,+2.14%,2020-05-01
2020-05-29,ZQK20,"30-Day Fed Funds May 2020 Futures",99.95,99.9575,2020-05-01,98.125,2019-05-30,+1.80%,2020-05-29
2020-06-30,ZQM20,"30-Day Fed Funds June 2020 Futures",99.922,99.96,2020-05-07,98.305,2019-07-31,+1.45%,2020-07-01
2020-07-31,ZQN20,"30-Day Fed Funds July 2020 Futures",99.905,99.96,2020-05-08,98.325,2019-07-31,+1.44%,2020-07-31
2020-08-31,ZQQ20,"30-Day Fed Funds August 2020 Futures",99.905,99.98,2020-05-07,98.5,2020-01-02,+1.05%,2020-09-01
2020-09-30,ZQU20,"30-Day Fed Funds September 2020 Futures",99.91,99.99,2020-05-07,98.515,2020-01-02,+1.14%,2020-10-01
2020-10-30,ZQV20,"30-Day Fed Funds October 2020 Futures",99.91,100,2020-05-08,98.54,2020-01-02,+1.26%,2020-10-30
2020-11-30,ZQX20,"30-Day Fed Funds November 2020 Futures",99.914,100.01,2020-05-08,98.555,2020-01-02,+1.24%,2020-12-01
2020-12-31,ZQZ20,"30-Day Fed Funds December 2020 Futures",99.9125,100.025,2020-05-08,98.58,2020-01-02,+1.32%,2020-12-31
2021-01-29,ZQF21,"30-Day Fed Funds January 2021 Futures",99.9125,100.04,2020-05-08,98.725,2020-02-07,+1.12%,2021-01-29
2021-02-26,ZQG21,"30-Day Fed Funds February 2021 Futures",99.9225,100.045,2020-05-08,99.115,2020-02-27,+0.80%,2021-02-26
2021-03-31,ZQH21,"30-Day Fed Funds March 2021 Futures",99.93,100.05,2020-05-08,99.89,2020-04-08,+0.01%,2021-04-01
2021-04-30,ZQJ21,"30-Day Fed Funds April 2021 Futures",99.93,100.06,2020-05-08,99.915,2021-02-26,-0.02%,2021-04-30
2021-05-28,ZQK21,"30-Day Fed Funds May 2021 Futures",99.94,100.02,2020-07-10,99.91,2021-04-15,-0.05%,2021-05-28
2021-06-30,ZQM21,"30-Day Fed Funds June 2021 Futures",99.922,100.025,2020-07-10,99.905,2021-04-19,-0.08%,2021-07-01
2021-07-30,ZQN21,"30-Day Fed Funds July 2021 Futures",99.9,100.015,2020-08-03,99.895,2021-06-17,-0.10%,2021-07-30
2021-08-31,ZQQ21,"30-Day Fed Funds August 2021 Futures",99.908,99.985,2020-09-04,99.895,2021-06-16,-0.06%,2021-09-01
2021-10-01,ZQU21,"30-Day Fed Funds September 2021 Futures",99.921,99.97,2020-10-02,99.9,2021-06-22,-0.04%,2021-10-01
2021-10-29,ZQV21,"30-Day Fed Funds October 2021 Futures",99.92,99.96,2020-11-04,99.9,2021-06-21,-0.04%,2021-10-29
2021-12-01,ZQX21,"30-Day Fed Funds November 2021 Futures",99.92,99.94,2021-01-26,99.895,2021-05-03,0.00%,2021-12-01
2021-12-31,ZQZ21,"30-Day Fed Funds December 2021 Futures",99.92,99.935,2021-01-26,99.895,2021-05-03,+0.01%,2021-12-31
2022-02-01,ZQF22,"30-Day Fed Funds January 2022 Futures",99.921,99.93,2021-11-05,99.895,2021-06-21,0.00%,2022-02-01
2022-03-01,ZQG22,"30-Day Fed Funds February 2022 Futures",99.92,99.925,2021-11-04,99.845,2022-02-10,+0.02%,2022-03-01
2022-04-01,ZQH22,"30-Day Fed Funds March 2022 Futures",99.799,99.925,2021-10-05,99.555,2022-02-10,-0.11%,2022-04-01
2022-04-29,ZQJ22,"30-Day Fed Funds April 2022 Futures",99.67,99.925,2021-09-21,99.43,2022-02-11,-0.22%,2022-04-29
2022-06-01,ZQK22,"30-Day Fed Funds May 2022 Futures",99.235,99.925,2021-09-21,99.115,2022-02-11,-0.67%,2022-06-01
2022-07-01,ZQM22,"30-Day Fed Funds June 2022 Futures",98.795,99.915,2021-09-21,98.6675,2022-06-15,-1.05%,2022-07-01
2022-07-29,ZQN22,"30-Day Fed Funds July 2022 Futures",98.325,99.905,2021-09-22,98.205,2022-06-15,-1.55%,2022-07-29
2022-09-01,ZQQ22,"30-Day Fed Funds August 2022 Futures",97.67,99.895,2021-09-21,97.465,2022-07-14,-2.21%,2022-09-01
2022-09-30,ZQU22,"30-Day Fed Funds September 2022 Futures",97.4425,99.85,2021-10-04,97.24,2022-07-14,-2.40%,2022-09-30
2022-11-01,ZQV22,"30-Day Fed Funds October 2022 Futures",96.92,99.645,2021-11-30,96.705,2022-07-14,-2.62%,2022-11-01
2022-12-01,ZQX22,"30-Day Fed Funds November 2022 Futures",96.22,99.46,2021-12-02,96.165,2022-09-15,-3.26%,2022-12-01
2022-12-30,ZQZ22,"30-Day Fed Funds December 2022 Futures",95.8975,99.245,2022-01-05,95.76,2022-10-20,-3.36%,2022-12-30
2023-02-01,ZQF23,"30-Day Fed Funds January 2023 Futures",95.67,98.81,2022-03-01,95.465,2022-10-20,-3.09%,2023-02-01
2023-03-01,ZQG23,"30-Day Fed Funds February 2023 Futures",95.43,98.7,2022-03-02,95.1,2022-10-21,-3.29%,2023-03-01
2023-03-31,ZQH23,"30-Day Fed Funds March 2023 Futures",95.35,97.435,2022-04-13,95.02,2022-11-04,-1.99%,2023-03-31
2023-04-28,ZQJ23,"30-Day Fed Funds April 2023 Futures",95.17,97.18,2022-05-26,94.85,2022-11-04,-1.84%,2023-04-28
2023-06-01,ZQK23,"30-Day Fed Funds May 2023 Futures",94.944,97,2022-07-28,94.665,2023-03-09,-1.95%,2023-06-01
2023-06-30,ZQM23,"30-Day Fed Funds June 2023 Futures",94.925,97.055,2022-07-28,94.52,2023-03-09,-1.81%,2023-06-30
2023-08-01,ZQN23,"30-Day Fed Funds July 2023 Futures",94.88,97.055,2022-08-02,94.405,2023-03-09,-2.14%,2023-08-01
2023-09-01,ZQQ23,"30-Day Fed Funds August 2023 Futures",94.67,96.31,2022-09-06,94.33,2023-03-08,-1.51%,2023-09-01
2023-09-29,ZQU23,"30-Day Fed Funds September 2023 Futures",94.67,96.345,2023-03-15,94.32,2023-03-08,-1.01%,2023-09-29
2023-11-01,ZQV23,"30-Day Fed Funds October 2023 Futures",94.67,96.455,2023-03-15,94.305,2023-03-08,-0.47%,2023-11-01
2023-12-01,ZQX23,"30-Day Fed Funds November 2023 Futures",94.67,96.58,2023-03-15,94.35,2023-03-08,-0.79%,2023-12-01
2023-12-29,ZQZ23,"30-Day Fed Funds December 2023 Futures",94.67,96.605,2023-03-15,94.4,2023-03-08,-0.76%,2023-12-29
2024-02-01,ZQF24,"30-Day Fed Funds January 2024 Futures",94.67,96.635,2023-03-15,94.44,2023-03-08,-0.98%,2024-02-01
2024-03-01,ZQG24,"30-Day Fed Funds February 2024 Futures",94.67,96.66,2023-03-15,94.51,2023-10-17,-0.09%,2024-03-01
2024-03-28,ZQH24,"30-Day Fed Funds March 2024 Futures",94.6675,96.41,2023-04-05,94.525,2023-10-18,-1.32%,2024-03-28
2024-05-01,ZQJ24,"30-Day Fed Funds April 2024 Futures",94.67,96.52,2023-05-04,94.545,2023-10-18,-1.23%,2024-05-01
2024-05-31,ZQK24,"30-Day Fed Funds May 2024 Futures",94.67,95.9,2023-06-01,94.605,2023-09-20,-0.90%,2024-05-31
2024-06-28,ZQM24,"30-Day Fed Funds June 2024 Futures",94.6675,95.42,2023-07-13,94.66,2023-09-20,-0.63%,2024-06-28
2024-08-01,ZQN24,"30-Day Fed Funds July 2024 Futures",94.67,95.51,2024-01-12,94.67,2024-08-01,-0.45%,2024-08-01
2024-08-30,ZQQ24,"30-Day Fed Funds August 2024 Futures",94.67,95.77,2024-01-12,94.67,2024-08-30,-0.54%,2024-08-30
2024-10-01,ZQU24,"30-Day Fed Funds September 2024 Futures",94.87,95.875,2024-01-12,94.73,2024-06-10,-0.12%,2024-10-01
2024-11-01,ZQV24,"30-Day Fed Funds October 2024 Futures",95.17,96.02,2024-01-12,94.78,2024-05-01,-0.03%,2024-11-01
2024-11-29,ZQX24,"30-Day Fed Funds November 2024 Futures",95.36,96.16,2024-01-12,94.825,2024-05-01,-0.31%,2024-11-29
2025-01-02,ZQZ24,"30-Day Fed Funds December 2024 Futures",95.525,96.275,2024-01-12,94.885,2024-05-01,-0.57%,2025-01-02
2025-01-31,ZQF25,"30-Day Fed Funds January 2025 Futures",95.6725,96.245,2024-02-01,94.935,2024-05-01,-0.33%,2025-01-31
2025-02-28,ZQG25,"30-Day Fed Funds February 2025 Futures",95.67,96.395,2024-08-05,95.005,2024-05-01,+0.04%,2025-02-28
2025-03-31,ZQH25,"30-Day Fed Funds March 2025 Futures",95.67,96.495,2024-08-05,95.045,2024-05-01,+0.18%,2025-04-01
2025-04-30,ZQJ25,"30-Day Fed Funds April 2025 Futures",95.67,96.66,2024-08-05,95.14,2024-05-29,+0.48%,2025-05-01
2025-05-30,ZQK25,"30-Day Fed Funds May 2025 Futures",95.67,96.82,2024-08-05,95.205,2024-05-29,+0.45%,2025-05-30
2025-06-30,ZQM25,"30-Day Fed Funds June 2025 Futures",95.67,96.915,2024-09-24,95.56,2024-07-03,+0.10%,2025-07-01
2025-07-31,ZQN25,"30-Day Fed Funds July 2025 Futures",95.67,97.025,2024-09-17,95.6675,2025-07-30,-0.69%,2025-08-01
2025-08-29,ZQQ25,"30-Day Fed Funds August 2025 Futures",95.67,97.12,2024-09-16,95.6675,2025-08-26,-1.09%,2025-08-29
2025-09-30,ZQU25,"30-Day Fed Funds September 2025 Futures",95.775,96.98,2024-10-02,95.715,2025-07-31,-1.23%,2025-10-01
2025-10-31,ZQV25,"30-Day Fed Funds October 2025 Futures",95.9125,96.82,2025-04-07,95.77,2025-07-31,-0.45%,2025-10-31
2025-11-28,ZQX25,"30-Day Fed Funds November 2025 Futures",96.1175,96.93,2025-04-07,95.85,2025-07-31,-0.22%,"22:45 CT"
2025-12-31,ZQZ25,"30-Day Fed Funds December 2025 Futures",96.23,97.015,2025-04-07,95.9,2025-01-13,-0.12%,"22:32 CT"
2026-01-30,ZQF26,"30-Day Fed Funds January 2026 Futures",96.3,97.075,2025-04-07,95.905,2025-01-13,-0.07%,"21:42 CT"
2026-02-27,ZQG26,"30-Day Fed Funds February 2026 Futures",96.37,97.1,2025-04-07,95.9,2025-01-13,-0.02%,"20:53 CT"
2026-03-31,ZQH26,"30-Day Fed Funds March 2026 Futures",96.41,97.095,2025-04-07,95.93,2025-01-13,+0.01%,"21:16 CT"
2026-04-30,ZQJ26,"30-Day Fed Funds April 2026 Futures",96.465,97.215,2025-04-07,95.925,2025-01-13,+0.05%,"22:43 CT"
2026-05-29,ZQK26,"30-Day Fed Funds May 2026 Futures",96.525,97.27,2025-04-07,95.92,2025-01-13,+0.11%,"22:12 CT"
2026-06-30,ZQM26,"30-Day Fed Funds June 2026 Futures",96.59,97.18,2025-04-07,95.92,2025-01-13,+0.18%,"21:15 CT"
2026-07-31,ZQN26,"30-Day Fed Funds July 2026 Futures",96.68,97.105,2025-05-01,95.925,2025-01-13,+0.26%,"22:45 CT"
2026-08-31,ZQQ26,"30-Day Fed Funds August 2026 Futures",96.76,97.09,2025-05-01,95.905,2025-01-13,+0.43%,"22:28 CT"
2026-09-30,ZQU26,"30-Day Fed Funds September 2026 Futures",96.805,97.12,2025-10-17,95.905,2025-01-13,+0.47%,"21:15 CT"
2026-10-30,ZQV26,"30-Day Fed Funds October 2026 Futures",96.86,97.17,2025-10-17,95.91,2025-01-13,+0.53%,"22:28 CT"
2026-11-30,ZQX26,"30-Day Fed Funds November 2026 Futures",96.905,97.2,2025-10-17,95.89,2025-01-13,+0.60%,"20:20 CT"
2026-12-31,ZQZ26,"30-Day Fed Funds December 2026 Futures",96.935,97.215,2025-10-17,96.11,2025-01-13,+0.46%,"20:28 CT"
2027-01-29,ZQF27,"30-Day Fed Funds January 2027 Futures",96.975,97.235,2025-10-17,96.095,2025-01-13,+0.51%,"17:00 CT"
2027-02-26,ZQG27,"30-Day Fed Funds February 2027 Futures",96.95,97.24,2025-10-17,96.08,2025-01-13,+0.50%,2025-10-31
2027-03-31,ZQH27,"30-Day Fed Funds March 2027 Futures",96.955,97.2,2025-10-16,96.065,2025-01-13,+0.52%,2025-10-31
2027-04-30,ZQJ27,"30-Day Fed Funds April 2027 Futures",96.95,97.21,2025-09-08,96.025,2025-01-13,+0.56%,2025-10-31
2027-05-28,ZQK27,"30-Day Fed Funds May 2027 Futures",96.93,97.185,2025-09-08,96,2025-01-13,+0.57%,2025-10-31
2027-06-30,ZQM27,"30-Day Fed Funds June 2027 Futures",96.91,97.165,2025-09-08,95.98,2025-01-13,+0.57%,2025-10-31
2027-07-30,ZQN27,"30-Day Fed Funds July 2027 Futures",96.92,97.155,2025-10-16,95.96,2025-01-13,+0.60%,2025-10-31
2027-08-31,ZQQ27,"30-Day Fed Funds August 2027 Futures",96.885,97.115,2025-10-16,95.88,2025-01-13,+0.64%,2025-10-31
2027-09-30,ZQU27,"30-Day Fed Funds September 2027 Futures",96.885,97.115,2025-10-16,95.88,2025-01-13,+0.64%,2025-10-31
2027-10-29,ZQV27,"30-Day Fed Funds October 2027 Futures",96.88,97.11,2025-10-16,95.875,2025-01-13,+0.64%,2025-10-31
2027-11-30,ZQX27,"30-Day Fed Funds November 2027 Futures",96.86,97.09,2025-10-16,95.855,2025-01-13,+0.64%,2025-10-31
2027-12-31,ZQZ27,"30-Day Fed Funds December 2027 Futures",96.84,97.07,2025-10-16,95.835,2025-01-13,+0.64%,2025-10-31
2028-01-31,ZQF28,"30-Day Fed Funds January 2028 Futures",96.825,97.055,2025-10-16,95.82,2025-01-13,+0.64%,2025-10-31
2028-02-29,ZQG28,"30-Day Fed Funds February 2028 Futures",96.81,97.04,2025-10-16,95.805,2025-01-13,+0.64%,2025-10-31
2028-03-31,ZQH28,"30-Day Fed Funds March 2028 Futures",96.795,97.025,2025-10-16,95.79,2025-01-13,+0.64%,2025-10-31
2028-04-28,ZQJ28,"30-Day Fed Funds April 2028 Futures",96.755,96.985,2025-10-16,95.75,2025-01-13,+0.64%,2025-10-31
2028-05-31,ZQK28,"30-Day Fed Funds May 2028 Futures",96.73,96.96,2025-10-16,95.725,2025-01-13,+0.65%,2025-10-31
2028-06-30,ZQM28,"30-Day Fed Funds June 2028 Futures",96.71,96.94,2025-10-16,95.705,2025-01-13,+0.65%,2025-10-31
2028-07-31,ZQN28,"30-Day Fed Funds July 2028 Futures",96.69,96.92,2025-10-16,95.685,2025-01-13,+0.65%,2025-10-31
2028-08-31,ZQQ28,"30-Day Fed Funds August 2028 Futures",96.61,96.84,2025-10-16,95.605,2025-01-13,+0.65%,2025-10-31
2028-09-29,ZQU28,"30-Day Fed Funds September 2028 Futures",96.61,96.84,2025-10-16,95.605,2025-01-13,+0.65%,2025-10-31
2028-10-31,ZQV28,"30-Day Fed Funds October 2028 Futures",96.605,96.835,2025-10-16,95.6,2025-01-13,+0.65%,2025-10-31
2028-11-30,ZQX28,"30-Day Fed Funds November 2028 Futures",96.585,96.815,2025-10-16,95.58,2025-01-13,+0.65%,2025-10-31
2028-12-29,ZQZ28,"30-Day Fed Funds December 2028 Futures",96.565,96.795,2025-10-16,95.56,2025-01-13,+0.65%,2025-10-31
2029-01-31,ZQF29,"30-Day Fed Funds January 2029 Futures",96.55,96.78,2025-10-16,95.545,2025-01-13,+0.65%,2025-10-31
2029-02-28,ZQG29,"30-Day Fed Funds February 2029 Futures",96.535,96.765,2025-10-16,95.53,2025-01-13,+0.65%,2025-10-31
2029-03-29,ZQH29,"30-Day Fed Funds March 2029 Futures",96.52,96.75,2025-10-16,95.515,2025-01-13,+0.65%,2025-10-31
2029-04-30,ZQJ29,"30-Day Fed Funds April 2029 Futures",96.48,96.71,2025-10-16,95.475,2025-01-13,+0.65%,2025-10-31
2029-05-31,ZQK29,"30-Day Fed Funds May 2029 Futures",96.455,96.685,2025-10-16,95.45,2025-01-13,+0.65%,2025-10-31
2029-06-29,ZQM29,"30-Day Fed Funds June 2029 Futures",96.435,96.665,2025-10-16,95.43,2025-01-13,+0.65%,2025-10-31
2029-07-31,ZQN29,"30-Day Fed Funds July 2029 Futures",96.415,96.645,2025-10-16,95.41,2025-01-13,+0.65%,2025-10-31
2029-08-31,ZQQ29,"30-Day Fed Funds August 2029 Futures",96.335,96.565,2025-10-16,95.33,2025-01-13,+0.65%,2025-10-31
2029-09-28,ZQU29,"30-Day Fed Funds September 2029 Futures",96.335,96.565,2025-10-16,95.33,2025-01-13,+0.65%,2025-10-31
2029-10-31,ZQV29,"30-Day Fed Funds October 2029 Futures",96.33,96.56,2025-10-16,95.325,2025-01-13,+0.65%,2025-10-31
2029-11-30,ZQX29,"30-Day Fed Funds November 2029 Futures",96.31,96.54,2025-10-16,95.305,2025-01-13,+0.65%,2025-10-31
2029-12-31,ZQZ29,"30-Day Fed Funds December 2029 Futures",96.29,96.52,2025-10-16,95.285,2025-01-13,+0.85%,2025-10-31
2030-01-31,ZQF30,"30-Day Fed Funds January 2030 Futures",96.275,96.505,2025-10-16,95.275,2025-02-12,+0.84%,2025-10-31
2030-02-28,ZQG30,"30-Day Fed Funds February 2030 Futures",96.26,96.49,2025-10-16,95.695,2025-03-17,+0.50%,2025-10-31
2030-03-29,ZQH30,"30-Day Fed Funds March 2030 Futures",96.245,96.475,2025-10-16,95.69,2025-05-14,+0.37%,2025-10-31
2030-04-30,ZQJ30,"30-Day Fed Funds April 2030 Futures",96.205,96.435,2025-10-16,95.65,2025-05-14,+0.06%,2025-10-31
2030-05-31,ZQK30,"30-Day Fed Funds May 2030 Futures",96.18,96.41,2025-10-16,95.735,2025-06-06,+0.30%,2025-10-31
2030-06-28,ZQM30,"30-Day Fed Funds June 2030 Futures",96.16,96.39,2025-10-16,95.86,2025-07-15,+0.04%,2025-10-31
2030-07-31,ZQN30,"30-Day Fed Funds July 2030 Futures",96.14,96.37,2025-10-16,95.925,2025-07-31,+0.22%,2025-10-31
2030-08-30,ZQQ30,"30-Day Fed Funds August 2030 Futures",96.06,96.29,2025-10-16,95.96,2025-09-25,-0.06%,2025-10-31
2030-09-30,ZQU30,"30-Day Fed Funds September 2030 Futures",96.06,96.29,2025-10-16,96.045,2025-10-06,+0.02%,2025-10-31
2030-10-31,ZQV30,"30-Day Fed Funds October 2030 Futures",96.055,96.055,2025-10-31,96.055,2025-10-31,0.00%,2025-10-31
"Downloaded from Barchart.com as of 11-02-2025 10:55pm CST"
